{
  "analysis": "winsorize_outlier",
  "signature": "hallmark_hypoxia",
  "program": "hypoxia",
  "outlier_cohort": "hypoxia_timecourse_gse47533",
  "outlier_g": 15.0521,
  "winsorize_cap_g": 7.0647,
  "bonferroni_n_tests": 9,
  "bonferroni_threshold": 0.005555555555555556,
  "original": {
    "k": 6,
    "pooled_g": 3.5449,
    "pooled_se": 0.9885,
    "tau2": 4.9214,
    "i_squared": 0.9471,
    "p_DL": 0.000335553319522397,
    "p_Bonferroni": 0.0030199798757015728,
    "survives_bonferroni": true,
    "cohort_gs": [
      3.2102,
      1.2246,
      15.0521,
      1.7418,
      7.0647,
      0.6873
    ]
  },
  "leave_one_out": {
    "k": 5,
    "pooled_g": 2.7156,
    "pooled_se": 0.9273,
    "tau2": 3.99,
    "i_squared": 0.9473,
    "p_DL": 0.003407762550648785,
    "p_Bonferroni": 0.030669862955839067,
    "survives_bonferroni": true,
    "cohort_gs": [
      3.2102,
      1.2246,
      1.7418,
      7.0647,
      0.6873
    ]
  },
  "winsorized": {
    "k": 6,
    "pooled_g": 3.2734,
    "pooled_se": 0.9209,
    "tau2": 4.5448,
    "i_squared": 0.9444,
    "p_DL": 0.00037868980577226985,
    "p_Bonferroni": 0.0034082082519504286,
    "survives_bonferroni": true,
    "cohort_gs": [
      3.2102,
      1.2246,
      7.0647,
      1.7418,
      7.0647,
      0.6873
    ]
  }
}