{
  "hallmark_ifng_response": {
    "k": 11,
    "pooled_g": 1.3832,
    "tau2": 0.4066,
    "I2": 0.9252,
    "DL_se": 0.2058,
    "DL_p": 1.8154588943275485e-11,
    "HKSJ_se": 0.2775,
    "HKSJ_p": 0.0005496363642887303,
    "HKSJ_guarded_se": 0.2775,
    "HKSJ_guarded_p": 0.0005496363642887303,
    "p_bonf_HKSJ_guarded": 0.004946727278598573
  },
  "hallmark_ifna_response": {
    "k": 11,
    "pooled_g": 1.4585,
    "tau2": 0.3353,
    "I2": 0.9094,
    "DL_se": 0.1892,
    "DL_p": 1.2434497875801753e-14,
    "HKSJ_se": 0.2037,
    "HKSJ_p": 3.0733822578010717e-05,
    "HKSJ_guarded_se": 0.2037,
    "HKSJ_guarded_p": 3.0733822578010717e-05,
    "p_bonf_HKSJ_guarded": 0.00027660440320209645
  },
  "hallmark_inflammatory_response": {
    "k": 11,
    "pooled_g": 0.747,
    "tau2": 0.456,
    "I2": 0.9379,
    "DL_se": 0.215,
    "DL_p": 0.0005113509278669159,
    "HKSJ_se": 0.2871,
    "HKSJ_p": 0.026402801978035795,
    "HKSJ_guarded_se": 0.2871,
    "HKSJ_guarded_p": 0.026402801978035795,
    "p_bonf_HKSJ_guarded": 0.23762521780232215
  },
  "hallmark_tnfa_nfkb": {
    "k": 11,
    "pooled_g": 0.5616,
    "tau2": 0.4202,
    "I2": 0.9336,
    "DL_se": 0.207,
    "DL_p": 0.006682646190255381,
    "HKSJ_se": 0.2818,
    "HKSJ_p": 0.07426562831888939,
    "HKSJ_guarded_se": 0.2818,
    "HKSJ_guarded_p": 0.07426562831888939,
    "p_bonf_HKSJ_guarded": 0.6683906548700045
  },
  "hallmark_hypoxia": {
    "k": 11,
    "pooled_g": 0.7908,
    "tau2": 0.3869,
    "I2": 0.9279,
    "DL_se": 0.1996,
    "DL_p": 7.439643493900583e-05,
    "HKSJ_se": 0.1994,
    "HKSJ_p": 0.0026639301646798064,
    "HKSJ_guarded_se": 0.1996,
    "HKSJ_guarded_p": 0.002678766339075045,
    "p_bonf_HKSJ_guarded": 0.024108897051675404
  },
  "hallmark_e2f_targets": {
    "k": 11,
    "pooled_g": 1.2437,
    "tau2": 0.7535,
    "I2": 0.9594,
    "DL_se": 0.273,
    "DL_p": 5.209595252519961e-06,
    "HKSJ_se": 0.3344,
    "HKSJ_p": 0.003982963988990784,
    "HKSJ_guarded_se": 0.3344,
    "HKSJ_guarded_p": 0.003982963988990784,
    "p_bonf_HKSJ_guarded": 0.03584667590091706
  },
  "hallmark_emt": {
    "k": 11,
    "pooled_g": 0.0129,
    "tau2": 0.2735,
    "I2": 0.905,
    "DL_se": 0.1707,
    "DL_p": 0.9395520410845899,
    "HKSJ_se": 0.1941,
    "HKSJ_p": 0.9481245200733919,
    "HKSJ_guarded_se": 0.1941,
    "HKSJ_guarded_p": 0.9481245200733919,
    "p_bonf_HKSJ_guarded": 1.0
  },
  "schoggins_2011_irg": {
    "k": 11,
    "pooled_g": 1.3935,
    "tau2": 0.3482,
    "I2": 0.9133,
    "DL_se": 0.192,
    "DL_p": 3.9523939676655573e-13,
    "HKSJ_se": 0.2144,
    "HKSJ_p": 6.891563103317289e-05,
    "HKSJ_guarded_se": 0.2144,
    "HKSJ_guarded_p": 6.891563103317289e-05,
    "p_bonf_HKSJ_guarded": 0.000620240679298556
  },
  "blind_durable_ifn_composite": {
    "k": 11,
    "pooled_g": 1.4018,
    "tau2": 0.3428,
    "I2": 0.9121,
    "DL_se": 0.1909,
    "DL_p": 2.0894397323445446e-13,
    "HKSJ_se": 0.229,
    "HKSJ_p": 0.00011250160752851457,
    "HKSJ_guarded_se": 0.229,
    "HKSJ_guarded_p": 0.00011250160752851457,
    "p_bonf_HKSJ_guarded": 0.0010125144677566311
  },
  "hallmark_ifng_response__outside_interferon": {
    "k": 24,
    "pooled_g": 0.1383,
    "tau2": 0.3897,
    "I2": 0.8819,
    "DL_se": 0.1459,
    "DL_p": 0.3432335554959267,
    "HKSJ_se": 0.1943,
    "HKSJ_p": 0.4839040610104084,
    "HKSJ_guarded_se": 0.1943,
    "HKSJ_guarded_p": 0.4839040610104084,
    "p_bonf_HKSJ_guarded": 1.0
  },
  "hallmark_ifna_response__outside_interferon": {
    "k": 24,
    "pooled_g": 0.2192,
    "tau2": 0.234,
    "I2": 0.82,
    "DL_se": 0.1194,
    "DL_p": 0.06645150780478337,
    "HKSJ_se": 0.153,
    "HKSJ_p": 0.16542331185885528,
    "HKSJ_guarded_se": 0.153,
    "HKSJ_guarded_p": 0.16542331185885528,
    "p_bonf_HKSJ_guarded": 1.0
  },
  "hallmark_inflammatory_response__outside_interferon": {
    "k": 24,
    "pooled_g": 0.2379,
    "tau2": 0.5425,
    "I2": 0.9109,
    "DL_se": 0.168,
    "DL_p": 0.15674894847733034,
    "HKSJ_se": 0.234,
    "HKSJ_p": 0.3198408672821249,
    "HKSJ_guarded_se": 0.234,
    "HKSJ_guarded_p": 0.3198408672821249,
    "p_bonf_HKSJ_guarded": 1.0
  },
  "hallmark_tnfa_nfkb__outside_interferon": {
    "k": 24,
    "pooled_g": 0.1936,
    "tau2": 0.5148,
    "I2": 0.9068,
    "DL_se": 0.1637,
    "DL_p": 0.23682366280157385,
    "HKSJ_se": 0.2066,
    "HKSJ_p": 0.35837899323143496,
    "HKSJ_guarded_se": 0.2066,
    "HKSJ_guarded_p": 0.35837899323143496,
    "p_bonf_HKSJ_guarded": 1.0
  },
  "hallmark_hypoxia__outside_interferon": {
    "k": 24,
    "pooled_g": 0.9684,
    "tau2": 1.0324,
    "I2": 0.9473,
    "DL_se": 0.2276,
    "DL_p": 2.099954495471401e-05,
    "HKSJ_se": 0.4223,
    "HKSJ_p": 0.03132551593305455,
    "HKSJ_guarded_se": 0.4223,
    "HKSJ_guarded_p": 0.03132551593305455,
    "p_bonf_HKSJ_guarded": 0.28192964339749094
  },
  "hallmark_e2f_targets__outside_interferon": {
    "k": 24,
    "pooled_g": 0.2742,
    "tau2": 0.7098,
    "I2": 0.9285,
    "DL_se": 0.187,
    "DL_p": 0.14256382220595976,
    "HKSJ_se": 0.2102,
    "HKSJ_p": 0.20497029135192602,
    "HKSJ_guarded_se": 0.2102,
    "HKSJ_guarded_p": 0.20497029135192602,
    "p_bonf_HKSJ_guarded": 1.0
  },
  "hallmark_emt__outside_interferon": {
    "k": 24,
    "pooled_g": 0.5919,
    "tau2": 0.2884,
    "I2": 0.8466,
    "DL_se": 0.1314,
    "DL_p": 6.6393919051499495e-06,
    "HKSJ_se": 0.2047,
    "HKSJ_p": 0.008234816832238145,
    "HKSJ_guarded_se": 0.2047,
    "HKSJ_guarded_p": 0.008234816832238145,
    "p_bonf_HKSJ_guarded": 0.07411335149014331
  },
  "schoggins_2011_irg__outside_interferon": {
    "k": 24,
    "pooled_g": 0.2406,
    "tau2": 0.3319,
    "I2": 0.8649,
    "DL_se": 0.1366,
    "DL_p": 0.07823504648311363,
    "HKSJ_se": 0.1732,
    "HKSJ_p": 0.178055506998255,
    "HKSJ_guarded_se": 0.1732,
    "HKSJ_guarded_p": 0.178055506998255,
    "p_bonf_HKSJ_guarded": 1.0
  },
  "blind_durable_ifn_composite__outside_interferon": {
    "k": 24,
    "pooled_g": 0.196,
    "tau2": 0.2851,
    "I2": 0.8468,
    "DL_se": 0.1287,
    "DL_p": 0.12789678981870578,
    "HKSJ_se": 0.1662,
    "HKSJ_p": 0.25026094443522906,
    "HKSJ_guarded_se": 0.1662,
    "HKSJ_guarded_p": 0.25026094443522906,
    "p_bonf_HKSJ_guarded": 1.0
  }
}